{"cameraMode":{"drawMode":0,"name":"Shaded","section":"Shading Mode"},"sceneLighting":true,"audioPlay":false,"sceneViewState":{"m_AlwaysRefresh":false,"showFog":true,"showSkybox":false,"showFlares":true,"showImageEffects":true,"showParticleSystems":true,"showVisualEffectGraphs":true,"m_FxEnabled":true},"in2DMode":false,"pivot":{"x":0.21379122138023377,"y":1.2112301588058472,"z":-5.59229040145874},"rotation":{"x":-0.21314263343811036,"y":-0.015523092821240425,"z":0.003444826928898692,"w":-0.9769321084022522},"size":1.3989192247390748,"orthographic":false}